City_ID,City,Country,Date,Lat,Lng,Max Temp,Humidity,Cloudiness,Wind Speed
0,Lebu,CL,2021-01-15 23:49:46,-37.6167,-73.65,57.63,77,0,15.9
1,Atuona,PF,2021-01-15 23:49:46,-9.8,-139.0333,77.56,77,13,12.35
2,Cape Town,ZA,2021-01-15 23:49:46,-33.9258,18.4232,66.99,88,20,8.05
3,Rikitea,PF,2021-01-15 23:49:46,-23.1203,-134.9692,79.57,66,16,8.19
4,Basco,PH,2021-01-15 23:49:46,20.4487,121.9702,73.49,79,25,28.12
5,Hilo,US,2021-01-15 23:49:47,19.7297,-155.09,84.2,48,1,11.5
6,Dikson,RU,2021-01-15 23:49:47,73.5069,80.5464,-32.31,79,76,5.17
7,Anjiang,CN,2021-01-15 23:49:47,27.3194,110.1031,45.3,60,15,4.32
8,Bredasdorp,ZA,2021-01-15 23:49:47,-34.5322,20.0403,66.2,68,0,11.5
9,Litovko,RU,2021-01-15 23:49:47,49.2361,135.1742,-7.73,89,0,1.83
10,Kruisfontein,ZA,2021-01-15 23:49:47,-34.0033,24.7314,71.01,69,68,7.0
11,Sitka,US,2021-01-15 23:49:47,57.0531,-135.33,44.6,81,90,13.8
12,Pereslavl-Zalesskiy,RU,2021-01-15 23:49:47,56.7393,38.8563,2.59,94,100,6.87
13,Olenegorsk,RU,2021-01-15 23:49:47,68.15,33.3,17.69,97,87,2.84
14,Mahebourg,MU,2021-01-15 23:49:47,-20.4081,57.7,78.8,94,40,6.91
15,Waipawa,NZ,2021-01-15 23:49:47,-41.4122,175.5153,73.4,68,75,16.11
16,Yellowknife,CA,2021-01-15 23:49:47,62.456,-114.3525,10.4,92,90,13.8
17,Bonthe,SL,2021-01-15 23:49:47,7.5264,-12.505,78.04,87,27,7.78
18,Ouadda,CF,2021-01-15 23:49:48,8.0777,22.4007,66.96,26,1,5.08
19,Bairiki,KI,2021-01-15 23:49:48,1.3292,172.9752,82.4,74,75,14.97
20,Ushuaia,AR,2021-01-15 23:46:22,-54.8,-68.3,64.4,48,40,10.36
21,Ust-Nera,RU,2021-01-15 23:49:48,64.5667,143.2,-24.99,76,100,2.26
22,Najran,SA,2021-01-15 23:49:48,17.4924,44.1277,55.4,44,0,1.14
23,Constitucion,CL,2021-01-15 23:46:16,-35.3333,-72.4167,58.78,65,0,20.94
24,Avarua,CK,2021-01-15 23:48:03,-21.2078,-159.775,86.0,70,33,11.5
25,Orleans,US,2021-01-15 23:49:48,30.0335,-89.9501,55.99,44,1,19.57
26,Dingle,PH,2021-01-15 23:46:04,10.9995,122.6711,78.69,86,35,12.33
27,Lipari,IT,2021-01-15 23:49:49,38.4674,14.954,51.01,89,86,1.01
28,Kapaa,US,2021-01-15 23:49:49,22.0752,-159.319,80.6,74,1,11.5
29,Wanning,CN,2021-01-15 23:49:49,18.8003,110.3967,68.52,86,64,5.57
30,Slave Lake,CA,2021-01-15 23:49:49,55.2834,-114.769,42.8,45,1,23.02
31,Bashmakovo,RU,2021-01-15 23:49:49,53.2133,43.0342,12.65,97,100,10.29
32,Hambantota,LK,2021-01-15 23:49:49,6.1241,81.1185,73.4,100,40,4.61
33,Hermanus,ZA,2021-01-15 23:49:49,-34.4187,19.2345,59.0,90,1,9.62
34,Georgetown,MY,2021-01-15 23:47:31,5.4112,100.3354,78.01,94,20,5.75
35,Aromashevo,RU,2021-01-15 23:49:49,56.8602,68.6375,9.09,93,96,9.15
36,Punta Arenas,CL,2021-01-15 23:49:50,-53.15,-70.9167,55.4,76,40,12.66
37,Ilulissat,GL,2021-01-15 23:46:08,69.2167,-51.1,14.0,62,90,14.97
38,Daliang,CN,2021-01-15 23:49:50,22.8504,113.247,59.0,79,0,3.56
39,Ancud,CL,2021-01-15 23:49:50,-41.8697,-73.8203,55.4,82,90,2.3
40,Garowe,SO,2021-01-15 23:49:50,8.4054,48.4845,66.56,79,0,9.75
41,Salalah,OM,2021-01-15 23:49:08,17.0151,54.0924,69.8,28,0,3.44
42,Kukuna,SL,2021-01-15 23:49:50,9.4,-12.6667,72.05,89,0,4.41
43,Busselton,AU,2021-01-15 23:49:50,-33.65,115.3333,66.0,65,0,5.99
44,Barrow,US,2021-01-15 23:46:25,71.2906,-156.7887,-11.2,77,1,16.11
45,Baoding,CN,2021-01-15 23:49:51,38.8511,115.4903,17.83,72,16,5.19
46,Bluff,NZ,2021-01-15 23:49:51,-46.6,168.3333,73.0,63,25,8.99
47,Kawalu,ID,2021-01-15 23:47:45,-7.3817,108.2082,73.87,75,100,0.78
48,Nioro,GM,2021-01-15 23:48:41,13.35,-15.75,75.69,17,22,7.94
49,Bubaque,GW,2021-01-15 23:49:51,11.2833,-15.8333,77.41,75,65,11.23
50,Gabriel Leyva Solano,MX,2021-01-15 23:49:51,25.6667,-108.6417,78.01,46,0,3.0
51,Melita,CA,2021-01-15 23:49:51,49.2681,-100.9967,12.51,95,79,4.12
52,Nikolskoye,RU,2021-01-15 23:46:19,59.7035,30.7861,1.99,85,75,6.71
53,Petropavlovsk-Kamchatskiy,RU,2021-01-15 23:49:51,53.0452,158.6483,5.0,66,100,6.71
54,Castro,BR,2021-01-15 23:49:52,-24.7911,-50.0119,64.67,96,73,8.79
55,Jamestown,US,2021-01-15 23:45:11,42.097,-79.2353,36.0,93,90,10.36
56,Port Elizabeth,ZA,2021-01-15 23:49:52,-33.918,25.5701,71.01,69,14,7.0
57,East London,ZA,2021-01-15 23:49:52,-33.0153,27.9116,72.48,75,100,16.46
58,Visnes,NO,2021-01-15 23:49:52,59.3556,5.2242,30.99,93,0,8.05
59,Albany,US,2021-01-15 23:49:52,42.6001,-73.9662,39.0,75,100,8.48
60,Marsh Harbour,BS,2021-01-15 23:49:52,26.5412,-77.0636,74.84,79,98,10.74
61,Prince Rupert,CA,2021-01-15 23:49:52,54.3161,-130.3201,46.4,87,90,4.61
62,Montepuez,MZ,2021-01-15 23:49:52,-13.1256,38.9997,69.85,98,92,2.82
63,San Pedro,PH,2021-01-15 23:49:52,14.35,121.0167,81.0,83,40,2.3
64,Shache,CN,2021-01-15 23:44:59,38.4167,77.2406,19.2,85,0,7.09
65,Erzin,TR,2021-01-15 23:49:52,36.9559,36.2,53.01,92,98,6.31
66,Tiksi,RU,2021-01-15 23:49:52,71.6872,128.8694,-8.0,91,100,5.61
67,Nieuw Amsterdam,SR,2021-01-15 23:49:52,5.8833,-55.0833,77.0,88,40,9.22
68,Vaini,TO,2021-01-15 23:49:54,-21.2,-175.2,86.0,79,40,10.36
69,Mombasa,KE,2021-01-15 23:45:02,-4.0547,39.6636,76.77,86,20,4.81
70,Butaritari,KI,2021-01-15 23:49:54,3.0707,172.7902,81.34,79,51,21.05
71,Richards Bay,ZA,2021-01-15 23:49:54,-28.783,32.0377,77.29,88,84,14.18
72,Bambous Virieux,MU,2021-01-15 23:44:57,-20.3428,57.7575,80.01,94,40,6.91
73,Acapulco,MX,2021-01-15 23:46:55,16.8634,-99.8901,82.4,69,90,2.3
74,Milkovo,RU,2021-01-15 23:49:54,54.7167,158.6167,1.63,87,100,0.89
75,Klaksvik,FO,2021-01-15 23:46:53,62.2266,-6.589,41.0,87,75,29.93
76,Cidreira,BR,2021-01-15 23:49:54,-30.1811,-50.2056,76.55,83,12,20.62
77,Davila,PH,2021-01-15 23:49:54,18.4726,120.5763,71.6,83,20,5.75
78,Port Alfred,ZA,2021-01-15 23:49:54,-33.5906,26.891,66.0,90,29,1.99
79,General Roca,AR,2021-01-15 23:49:55,-39.0333,-67.5833,69.8,32,36,24.16
80,Mataura,NZ,2021-01-15 23:48:59,-46.1927,168.8643,73.0,63,14,8.99
81,Panjakent,TJ,2021-01-15 23:49:55,39.4952,67.6093,51.8,25,14,18.41
82,Te Anau,NZ,2021-01-15 23:49:55,-45.4167,167.7167,71.46,40,75,2.98
83,Krasnogorskoye,RU,2021-01-15 23:49:55,52.2953,86.1979,-1.46,88,95,3.51
84,North Bend,US,2021-01-15 23:49:55,43.4065,-124.2243,60.01,100,90,9.22
85,Sioux Lookout,CA,2021-01-15 23:49:55,50.1001,-91.917,30.2,93,90,5.75
86,Yinchuan,CN,2021-01-15 23:49:55,38.4681,106.2731,16.72,71,30,0.47
87,Nome,US,2021-01-15 23:49:55,64.5011,-165.4064,23.0,63,1,11.5
88,Codrington,AU,2021-01-15 23:49:55,-38.2667,141.9667,56.59,74,83,15.77
89,Mukacheve,UA,2021-01-15 23:49:55,48.4392,22.7178,16.0,85,95,3.31
90,Castelnaudary,FR,2021-01-15 23:49:55,43.3183,1.9545,41.0,81,0,13.8
91,Sahuaripa,MX,2021-01-15 23:49:56,29.05,-109.2333,75.92,20,0,3.02
92,Provideniya,RU,2021-01-15 23:49:56,64.3833,-173.3,13.46,94,100,5.7
93,Ende,ID,2021-01-15 23:49:56,-8.8432,121.6623,80.73,77,98,4.12
94,Bandarbeyla,SO,2021-01-15 23:49:56,9.4942,50.8122,73.47,79,13,14.58
95,Vila Velha,BR,2021-01-15 23:49:56,-20.3297,-40.2925,78.8,78,40,5.75
96,Dungarpur,IN,2021-01-15 23:49:56,23.8333,73.7167,62.37,36,0,9.08
97,Severo-Kurilsk,RU,2021-01-15 23:49:56,50.6789,156.125,28.45,95,100,11.05
98,Tuktoyaktuk,CA,2021-01-15 23:49:56,69.4541,-133.0374,-14.8,76,75,18.41
99,Vallenar,CL,2021-01-15 23:49:00,-28.5708,-70.7581,67.3,55,0,3.76
100,Karratha,AU,2021-01-15 23:49:56,-20.7377,116.8463,90.19,65,37,14.92
101,Cherskiy,RU,2021-01-15 23:49:57,68.75,161.3,-23.85,86,96,2.77
102,Airai,TL,2021-01-15 23:47:33,-8.9266,125.4092,64.53,100,100,1.16
103,Saskylakh,RU,2021-01-15 23:49:57,71.9167,114.0833,-20.47,85,100,15.48
104,Presidencia Roque Saenz Pena,AR,2021-01-15 23:49:57,-26.7852,-60.4388,73.4,88,90,17.27
105,Cabo San Lucas,MX,2021-01-15 23:49:57,22.8909,-109.9124,78.01,23,1,11.5
106,Hobart,AU,2021-01-15 23:45:33,-42.8794,147.3294,57.2,58,75,14.97
107,Kloulklubed,PW,2021-01-15 23:49:58,7.0419,134.2556,80.6,83,90,6.91
108,Mar Del Plata,AR,2021-01-15 23:49:28,-38.0023,-57.5575,75.2,69,0,11.5
109,Saint-Philippe,RE,2021-01-15 23:49:58,-21.3585,55.7679,78.8,83,0,5.75
110,Zapolyarnyy,RU,2021-01-15 23:49:58,69.4154,30.8136,32.0,100,90,9.22
111,Bathsheba,BB,2021-01-15 23:49:58,13.2167,-59.5167,78.8,65,20,20.71
112,Katsuura,JP,2021-01-15 23:47:06,35.1333,140.3,57.99,71,75,17.27
113,Ponta Delgada,PT,2021-01-15 23:49:58,37.7333,-25.6667,61.0,88,75,14.97
114,Kirakira,SB,2021-01-15 23:46:14,-10.4544,161.9205,79.39,85,100,6.93
115,Puerto Ayora,EC,2021-01-15 23:46:04,-0.7393,-90.3518,75.99,91,93,3.0
116,Hithadhoo,MV,2021-01-15 23:49:59,-0.6,73.0833,81.48,77,97,14.72
117,Samdrup Jongkhar,BT,2021-01-15 23:49:59,26.9167,91.6167,51.35,68,13,2.13
118,Znamenskoye,RU,2021-01-15 23:49:59,57.1281,73.8282,4.82,92,100,10.04
119,Sao Joao Da Barra,BR,2021-01-15 23:49:59,-21.6403,-41.0511,76.44,87,0,13.35
120,Saldanha,ZA,2021-01-15 23:47:10,-33.0117,17.9442,64.4,82,0,3.44
121,Lompoc,US,2021-01-15 23:49:59,34.6391,-120.4579,69.8,46,66,16.11
122,Chuy,UY,2021-01-15 23:46:08,-33.6971,-53.4616,72.55,83,97,13.31
123,Gondanglegi,ID,2021-01-15 23:49:59,-7.7479,112.0132,78.01,80,100,5.44
124,Camacha,PT,2021-01-15 23:49:59,33.0833,-16.3333,57.2,77,40,8.05
125,Lipin Bor,RU,2021-01-15 23:50:00,60.2622,37.9763,-10.12,90,100,6.55
126,Svetlogorsk,BY,2021-01-15 23:46:11,52.6333,29.7333,1.78,93,96,6.51
127,Buturlino,RU,2021-01-15 23:50:00,55.5667,44.8974,9.68,95,100,12.48
128,Portree,GB,2021-01-15 23:50:00,57.4129,-6.1942,42.01,88,100,32.01
129,Port Hedland,AU,2021-01-15 23:50:00,-20.3167,118.5667,89.6,58,33,9.22
130,Leningradskiy,RU,2021-01-15 23:50:00,69.3833,178.4167,-12.19,88,100,6.91
131,Abu Samrah,SY,2021-01-15 23:50:00,35.3029,37.1841,48.42,82,0,7.99
132,Fairbanks,US,2021-01-15 23:45:56,64.8378,-147.7164,17.6,67,1,3.44
133,Winneba,GH,2021-01-15 23:47:08,5.3511,-0.6231,80.6,94,75,8.05
134,Alta Floresta,BR,2021-01-15 23:50:01,-9.8756,-56.0861,72.99,96,83,3.09
135,New Norfolk,AU,2021-01-15 23:47:36,-42.7826,147.0587,57.0,59,57,3.0
136,Tigzirt,DZ,2021-01-15 23:50:01,36.8886,4.1198,49.48,72,52,6.24
137,Teocaltiche,MX,2021-01-15 23:50:01,21.4333,-102.5833,71.6,7,75,3.98
138,Yabrud,SY,2021-01-15 23:50:01,33.9674,36.6574,41.0,87,0,6.44
139,Pevek,RU,2021-01-15 23:50:03,69.7008,170.3133,-6.99,87,100,4.79
140,Kavieng,PG,2021-01-15 23:50:03,-2.5744,150.7967,75.6,92,100,12.97
141,Zonguldak,TR,2021-01-15 23:50:03,41.25,31.8333,24.35,97,21,2.59
142,Outjo,NA,2021-01-15 23:50:03,-20.1167,16.15,63.72,82,19,12.97
143,Namibe,AO,2021-01-15 23:50:03,-15.1961,12.1522,73.38,69,0,7.38
144,Linhares,BR,2021-01-15 23:50:03,-19.3911,-40.0722,72.27,92,9,1.68
145,Tura,IN,2021-01-15 23:50:03,25.5198,90.2201,54.73,58,5,2.42
146,Tamandare,BR,2021-01-15 23:50:04,-8.7597,-35.1047,76.64,79,97,7.14
147,Barcelos,PT,2021-01-15 23:50:04,41.5388,-8.6151,44.01,100,20,4.61
148,Idil,TR,2021-01-15 23:50:04,37.3411,41.8895,42.1,88,82,6.98
149,Harper,LR,2021-01-15 23:50:04,4.375,-7.7169,77.79,86,45,8.32
150,Comodoro Rivadavia,AR,2021-01-15 23:50:05,-45.8667,-67.5,60.8,77,40,6.91
151,Thompson,CA,2021-01-15 23:50:06,55.7435,-97.8558,6.8,78,75,4.61
152,Dali,CN,2021-01-15 23:50:06,25.7,100.1833,38.14,78,90,2.24
153,Dunedin,NZ,2021-01-15 23:50:06,-45.8742,170.5036,66.0,79,78,8.01
154,Saint-Pierre,RE,2021-01-15 23:50:07,-21.3393,55.4781,78.8,83,0,5.75
155,Moyo,UG,2021-01-15 23:50:07,3.6609,31.7247,78.01,26,93,3.06
156,Seydi,TM,2021-01-15 23:50:07,39.4816,62.9137,46.49,50,45,11.65
157,Ahuimanu,US,2021-01-15 23:50:07,21.4447,-157.8378,82.0,69,20,9.22
158,Aqtobe,KZ,2021-01-15 23:50:07,50.2797,57.2072,23.0,74,0,11.18
159,Itoman,JP,2021-01-15 23:50:07,26.1247,127.6694,68.0,77,20,11.5
160,Yulara,AU,2021-01-15 23:50:08,-25.2406,130.9889,64.4,72,90,6.91
161,Puerto El Triunfo,SV,2021-01-15 23:50:08,13.2833,-88.55,89.6,48,0,2.3
162,San Ignacio,BZ,2021-01-15 23:50:08,17.1561,-89.0714,80.6,74,40,6.91
163,Pisco,PE,2021-01-15 23:50:08,-13.7,-76.2167,73.4,78,90,18.41
164,Mareeba,AU,2021-01-15 23:50:08,-17.0,145.4333,86.0,61,89,4.61
165,Bethel,US,2021-01-15 23:50:08,41.3712,-73.414,39.99,81,90,9.22
166,Adre,TD,2021-01-15 23:50:08,13.4667,22.2,60.84,31,0,11.88
167,Tasiilaq,GL,2021-01-15 23:50:08,65.6145,-37.6368,32.0,93,90,10.36
168,Chokurdakh,RU,2021-01-15 23:50:08,70.6333,147.9167,-6.02,91,100,10.31
169,Nkhata Bay,MW,2021-01-15 23:50:08,-11.6066,34.2907,74.19,79,100,11.07
170,Inhambane,MZ,2021-01-15 23:46:14,-23.865,35.3833,80.51,83,50,8.16
171,Kaitangata,NZ,2021-01-15 23:50:09,-46.2817,169.8464,64.99,77,29,11.01
172,Strezhevoy,RU,2021-01-15 23:50:09,60.7333,77.5889,6.8,85,75,13.42
173,Hofn,IS,2021-01-15 23:50:09,64.2539,-15.2082,40.39,93,100,22.86
174,Lorengau,PG,2021-01-15 23:50:09,-2.0226,147.2712,84.76,76,73,13.6
175,Baker City,US,2021-01-15 23:50:09,44.7749,-117.8344,39.2,60,90,4.61
176,Nampula,MZ,2021-01-15 23:50:09,-15.1165,39.2666,77.0,88,40,5.75
177,Plattsburgh,US,2021-01-15 23:50:09,44.6995,-73.4529,34.0,86,1,5.75
178,Saint Anthony,US,2021-01-15 23:47:40,45.0205,-93.218,35.6,87,90,10.36
179,Lac Du Bonnet,CA,2021-01-15 23:50:10,50.2536,-96.0612,14.0,100,100,11.99
180,San Jose,US,2021-01-15 23:50:05,37.3394,-121.895,71.01,43,75,10.36
181,Lasa,IT,2021-01-15 23:46:20,46.6166,10.7002,23.0,85,0,6.91
182,Bardiyah,LY,2021-01-15 23:50:09,31.7561,25.0865,57.13,73,7,18.92
183,Ust-Ilimsk,RU,2021-01-15 23:50:10,58.0006,102.6619,-27.69,84,91,2.95
184,Kaeo,NZ,2021-01-15 23:50:10,-35.1,173.7833,73.35,48,39,6.26
185,Waggaman,US,2021-01-15 23:50:10,29.9185,-90.2109,57.2,21,1,21.85
186,Qasigiannguit,GL,2021-01-15 23:50:11,68.8193,-51.1922,14.0,62,90,14.97
187,Goderich,CA,2021-01-15 23:50:11,43.7501,-81.7165,35.6,87,100,11.5
188,Adelaide,AU,2021-01-15 23:49:52,-34.9333,138.6,66.99,45,40,12.66
189,Tessalit,ML,2021-01-15 23:46:22,20.1986,1.0114,57.33,30,97,11.99
190,Halifax,CA,2021-01-15 23:49:32,44.6453,-63.5724,32.0,74,3,5.75
191,Lufilufi,WS,2021-01-15 23:50:11,-13.8745,-171.5986,87.8,79,40,16.11
192,Pundaguitan,PH,2021-01-15 23:50:11,6.3711,126.1689,82.51,76,62,6.53
193,Montecorvino Rovella,IT,2021-01-15 23:50:11,40.6918,14.978,44.01,68,92,11.01
194,Ligayan,PH,2021-01-15 23:50:11,4.6533,119.4706,81.59,78,27,8.88
195,Kutum,SD,2021-01-15 23:50:11,14.2,24.6667,51.49,43,0,6.78
196,Ngunguru,NZ,2021-01-15 23:50:11,-35.6167,174.5,70.41,61,19,8.61
197,Bac Lieu,VN,2021-01-15 23:50:12,9.285,105.7244,73.51,85,25,9.8
198,Talara,PE,2021-01-15 23:47:11,-4.5772,-81.2719,73.09,80,100,11.05
199,Atar,MR,2021-01-15 23:50:12,20.5169,-13.0499,61.63,27,100,13.22
200,Tobermory,CA,2021-01-15 23:50:12,45.2501,-81.6665,39.2,81,100,18.41
201,Ketchikan,US,2021-01-15 23:47:08,55.3422,-131.6461,42.8,87,90,4.61
202,Stoholm,DK,2021-01-15 23:50:12,56.4845,9.1462,24.01,93,0,1.14
203,Hasaki,JP,2021-01-15 23:46:49,35.7333,140.8333,43.0,87,20,3.44
204,Souillac,MU,2021-01-15 23:50:12,-20.5167,57.5167,78.8,94,40,6.91
205,Touros,BR,2021-01-15 23:50:12,-5.1989,-35.4608,78.8,78,0,8.05
206,Shenjiamen,CN,2021-01-15 23:50:13,29.9576,122.298,44.22,78,96,21.05
207,Alice Springs,AU,2021-01-15 23:50:13,-23.7,133.8833,77.0,20,24,20.71
208,Hall,US,2021-01-15 23:50:13,34.3168,-83.7832,46.4,29,40,6.91
209,Redmond,US,2021-01-15 23:45:32,47.674,-122.1215,52.0,82,60,2.37
210,Kishi,NG,2021-01-15 23:50:13,9.0833,3.85,72.23,20,0,2.51
211,Henties Bay,NA,2021-01-15 23:50:13,-22.116,14.2845,71.01,82,72,4.41
212,Aasiaat,GL,2021-01-15 23:50:13,68.7098,-52.8699,5.38,93,78,4.45
213,Mount Isa,AU,2021-01-15 23:50:13,-20.7333,139.5,91.4,19,13,13.8
214,Ballina,AU,2021-01-15 23:47:15,-28.8667,153.5667,84.2,61,35,9.22
215,Bull Savanna,JM,2021-01-15 23:47:16,17.8868,-77.5902,73.29,87,60,8.72
216,Lohne,DE,2021-01-15 23:50:14,52.6667,8.2333,32.0,86,86,1.99
217,Nanakuli,US,2021-01-15 23:50:14,21.3906,-158.1547,84.2,54,20,14.97
218,Gushikawa,JP,2021-01-15 23:50:14,26.3544,127.8686,68.0,94,1,5.75
219,Coffs Harbour,AU,2021-01-15 23:50:14,-30.3,153.1333,77.0,53,7,16.11
220,Brenham,US,2021-01-15 23:50:14,30.1669,-96.3977,57.2,19,1,14.97
221,Ribeira Grande,PT,2021-01-15 23:46:05,38.5167,-28.7,61.29,85,6,10.63
222,Sao Luiz Gonzaga,BR,2021-01-15 23:48:15,-28.4083,-54.9608,80.74,65,95,9.93
223,Bengkulu,ID,2021-01-15 23:50:15,-3.8004,102.2655,75.81,79,83,4.18
224,Sechura,PE,2021-01-15 23:48:06,-5.5569,-80.8222,71.46,83,100,9.01
225,Prado,BR,2021-01-15 23:50:15,-17.3411,-39.2208,75.97,89,99,6.96
226,Zhezkazgan,KZ,2021-01-15 23:50:15,47.8043,67.7144,7.07,89,100,12.73
227,Bayeux,BR,2021-01-15 23:45:24,-7.125,-34.9322,78.8,83,20,8.05
228,San Ramon,US,2021-01-15 23:49:20,37.7799,-121.978,68.0,45,1,12.66
229,Ankang,CN,2021-01-15 23:50:15,32.68,109.0172,40.24,63,99,3.62
230,Sicuani,PE,2021-01-15 23:50:15,-14.2694,-71.2261,48.78,77,100,4.92
231,Gat,IL,2021-01-15 23:50:05,31.61,34.7642,52.0,85,0,5.77
232,Inirida,CO,2021-01-15 23:50:16,3.8653,-67.9239,75.47,94,75,2.35
233,Sabha,LY,2021-01-15 23:48:16,27.0377,14.4283,47.71,50,0,6.15
234,Pedernales,DO,2021-01-15 23:50:16,18.0384,-71.744,77.04,71,70,2.19
235,Viedma,AR,2021-01-15 23:50:16,-40.8135,-62.9967,68.0,66,9,13.76
236,Maceio,BR,2021-01-15 23:50:16,-9.6658,-35.7353,75.2,88,40,3.44
237,Coahuayana,MX,2021-01-15 23:47:19,18.7333,-103.6833,82.4,42,75,3.06
238,Selje,NO,2021-01-15 23:50:16,62.0459,5.351,26.01,82,0,1.99
239,Kahului,US,2021-01-15 23:50:16,20.8947,-156.47,86.0,48,20,6.91
240,Yatou,CN,2021-01-15 23:50:16,37.15,122.3833,22.57,88,0,16.87
241,Havre-Saint-Pierre,CA,2021-01-15 23:50:16,50.2334,-63.5986,23.0,93,90,2.3
242,Nelson Bay,AU,2021-01-15 23:50:16,-32.7167,152.15,75.0,21,0,17.27
243,Andenes,NO,2021-01-15 23:50:16,69.3143,16.1194,37.4,87,75,18.41
244,Celestun,MX,2021-01-15 23:50:16,20.8667,-90.4,72.3,72,76,9.89
245,Isangel,VU,2021-01-15 23:50:17,-19.55,169.2667,81.81,80,100,8.25
246,Talnakh,RU,2021-01-15 23:48:14,69.4865,88.3972,-35.84,73,0,7.14
247,Muros,ES,2021-01-15 23:50:17,42.7762,-9.0603,37.0,94,28,1.01
248,Astana,KZ,2021-01-15 23:48:05,51.1801,71.446,-0.4,71,0,6.71
249,Ponta Do Sol,PT,2021-01-15 23:50:17,32.6667,-17.1,53.01,65,14,1.99
250,Kingman,US,2021-01-15 23:49:44,35.1894,-114.053,64.4,14,1,10.36
251,Homer,US,2021-01-15 23:50:17,59.6425,-151.5483,36.0,80,40,6.91
252,Champerico,GT,2021-01-15 23:50:17,14.3,-91.9167,86.0,66,40,6.91
253,Bialogard,PL,2021-01-15 23:49:27,54.007,15.9875,28.99,73,96,6.31
254,Tomatlan,MX,2021-01-15 23:50:17,19.9333,-105.25,83.97,29,78,6.35
255,Maniitsoq,GL,2021-01-15 23:50:17,65.4167,-52.9,18.18,85,88,6.29
256,Margate,GB,2021-01-15 23:50:18,51.3813,1.3862,35.01,80,93,7.85
257,George Town,MY,2021-01-15 23:50:18,5.4112,100.3354,78.01,94,20,5.75
258,Parkersburg,US,2021-01-15 23:50:18,39.2667,-81.5615,35.6,80,1,3.44
259,Ust-Maya,RU,2021-01-15 23:50:18,60.4167,134.5333,-43.83,79,85,1.23
260,Zhigalovo,RU,2021-01-15 23:50:18,54.8097,105.1578,-7.19,87,100,5.48
261,Sao Filipe,CV,2021-01-15 23:50:18,14.8961,-24.4956,72.46,70,100,11.39
262,Temiscaming,CA,2021-01-15 23:50:18,46.7212,-79.0971,33.8,80,100,4.61
263,Lebanon,US,2021-01-15 23:50:19,36.2081,-86.2911,43.0,36,90,6.91
264,Ternate,ID,2021-01-15 23:50:19,0.8,127.4,81.73,82,78,15.52
265,Mindelo,CV,2021-01-15 23:50:19,16.8901,-24.9804,69.8,64,40,28.77
266,Upernavik,GL,2021-01-15 23:50:19,72.7868,-56.1549,14.16,95,99,5.64
267,Namatanai,PG,2021-01-15 23:50:19,-3.6667,152.4333,84.85,65,100,4.7
268,Egvekinot,RU,2021-01-15 23:48:32,66.3167,-179.1667,-7.69,90,100,16.53
269,Peniche,PT,2021-01-15 23:46:04,39.3558,-9.3811,50.0,94,0,11.41
270,Havelock,US,2021-01-15 23:50:19,34.8791,-76.9013,54.0,71,1,6.91
271,Mitu,CO,2021-01-15 23:50:15,1.1983,-70.1733,74.08,96,97,2.17
272,Qaanaaq,GL,2021-01-15 23:50:20,77.484,-69.3632,8.31,92,96,2.84
273,Cap Malheureux,MU,2021-01-15 23:50:20,-19.9842,57.6142,80.01,84,1,5.01
274,Tautira,PF,2021-01-15 23:50:20,-17.7333,-149.15,80.6,74,75,6.91
275,Geraldton,AU,2021-01-15 23:50:20,-28.7667,114.6,84.2,39,1,28.77
276,Twin Falls,US,2021-01-15 23:50:20,42.3505,-114.6445,39.99,65,1,3.44
277,Longyearbyen,SJ,2021-01-15 23:50:20,78.2186,15.6401,15.8,92,75,8.05
278,Khatanga,RU,2021-01-15 23:46:51,71.9667,102.5,-45.33,77,33,3.2
279,Magistralnyy,RU,2021-01-15 23:50:20,56.1725,107.4458,-11.25,85,100,5.91
280,Victoria,HK,2021-01-15 23:48:46,22.2855,114.1577,63.0,54,13,10.98
281,Tecoanapa,MX,2021-01-15 23:50:20,16.5167,-98.75,80.08,72,83,4.56
282,Mirabad,AF,2021-01-15 23:50:20,30.4362,61.8383,44.13,44,48,3.83
283,Cururupu,BR,2021-01-15 23:49:55,-1.8283,-44.8683,75.58,90,44,3.51
284,Clyde River,CA,2021-01-15 23:50:21,70.4692,-68.5914,-0.4,92,90,2.3
285,Guamuchil,MX,2021-01-15 23:50:21,25.4667,-108.1,78.01,56,0,4.0
286,Sergeyevka,KZ,2021-01-15 23:50:21,53.88,67.4158,13.28,92,98,9.04
287,Teya,RU,2021-01-15 23:50:21,60.3778,92.6267,-9.96,87,100,4.16
288,Misratah,LY,2021-01-15 23:46:33,32.3754,15.0925,57.74,65,50,17.49
289,Leh,IN,2021-01-15 23:50:21,34.1667,77.5833,12.42,58,0,2.39
290,Kem,RU,2021-01-15 23:50:21,64.9555,34.5793,1.2,94,45,4.74
291,Biak,ID,2021-01-15 23:50:21,-0.9131,122.8766,80.08,77,100,2.1
292,Mackenzie,CA,2021-01-15 23:50:22,55.2999,-123.1698,35.6,75,1,16.11
293,Pathein,MM,2021-01-15 23:50:22,16.7833,94.7333,63.68,87,0,1.57
294,Bonavista,CA,2021-01-15 23:46:14,48.6499,-53.1147,30.99,86,100,8.05
295,Marawi,PH,2021-01-15 23:50:22,7.9986,124.2928,77.0,89,48,4.0
296,Aripuana,BR,2021-01-15 23:50:22,-9.1667,-60.6333,73.94,97,96,1.32
297,Broome,US,2021-01-15 23:50:22,42.2506,-75.833,39.0,87,90,19.57
298,Kodinsk,RU,2021-01-15 23:50:22,58.6881,99.1844,-20.24,86,100,2.35
299,Elko,US,2021-01-15 23:50:22,41.0002,-115.5012,46.4,46,1,3.44
300,Beloha,MG,2021-01-15 23:46:18,-25.1667,45.05,73.96,97,18,3.04
301,Sinnamary,GF,2021-01-15 23:50:22,5.3833,-52.95,77.41,88,61,13.44
302,Wilmington,US,2021-01-15 23:47:31,34.2257,-77.9447,59.0,63,90,5.75
303,Bagdarin,RU,2021-01-15 23:50:23,54.4333,113.6,-18.06,76,99,4.09
304,Meulaboh,ID,2021-01-15 23:50:13,4.1363,96.1285,76.39,85,77,5.61
305,Tiznit,MA,2021-01-15 23:50:23,29.5833,-9.5,50.02,61,0,0.72
306,Hailar,CN,2021-01-15 23:50:23,49.2,119.7,-7.73,89,100,11.99
307,San Andres,CO,2021-01-15 23:50:23,12.5847,-81.7006,82.4,69,75,9.22
308,Alofi,NU,2021-01-15 23:50:23,-19.0595,-169.9187,87.8,70,75,10.36
309,Parangan,PH,2021-01-15 23:50:23,5.0839,119.9383,81.32,81,54,9.15
310,Rio Grande,BR,2021-01-15 23:48:56,-32.035,-52.0986,77.0,88,75,11.5
311,Buala,SB,2021-01-15 23:48:05,-8.145,159.5921,84.65,70,100,7.96
312,Phuthaditjhaba,ZA,2021-01-15 23:50:24,-28.5242,28.8158,61.93,84,99,5.73
313,Mount Gambier,AU,2021-01-15 23:49:44,-37.8333,140.7667,57.2,67,90,14.97
314,Kenai,US,2021-01-15 23:50:24,60.5544,-151.2583,35.01,69,1,5.75
315,Caravelas,BR,2021-01-15 23:46:06,-17.7125,-39.2481,75.33,89,86,5.39
316,Burgos,ES,2021-01-15 23:50:24,42.3394,-3.7079,30.99,93,20,4.52
317,Tambo,PE,2021-01-15 23:50:24,-14.8,-73.9167,39.06,100,100,9.1
318,Nanortalik,GL,2021-01-15 23:46:50,60.1432,-45.2371,27.61,94,99,10.71
319,Pangnirtung,CA,2021-01-15 23:50:24,66.1451,-65.7125,10.4,67,90,14.97
320,Harij,IN,2021-01-15 23:50:24,23.7,71.9,59.34,34,0,5.68
321,Nova Olimpia,BR,2021-01-15 23:50:24,-14.7972,-57.2881,78.4,82,96,3.49
322,Torbay,CA,2021-01-15 23:50:24,47.6666,-52.7314,30.0,100,90,25.32
323,Majene,ID,2021-01-15 23:50:25,-3.5403,118.9707,76.8,87,100,7.87
324,Daru,PG,2021-01-15 23:50:25,-9.0763,143.2092,83.07,78,96,9.91
325,Severomuysk,RU,2021-01-15 23:50:25,56.1481,113.4267,-26.46,88,100,3.2
326,Bilma,NE,2021-01-15 23:50:25,18.6853,12.9164,64.49,27,0,5.5
327,Male,MV,2021-01-15 23:50:25,4.1748,73.5089,82.4,74,75,11.5
328,Sao Francisco Do Sul,BR,2021-01-15 23:50:25,-26.2433,-48.6381,78.8,83,75,4.61
329,San Patricio,US,2021-01-15 23:46:18,28.017,-97.5169,64.4,17,20,13.8
330,Porto Velho,BR,2021-01-15 23:50:26,-8.7619,-63.9039,78.8,89,40,1.14
331,Lata,PT,2021-01-15 23:47:09,40.1629,-8.3327,42.8,100,20,3.44
332,Killarney,IE,2021-01-15 23:50:26,52.05,-9.5167,51.53,93,100,5.21
333,Bara,NG,2021-01-15 23:50:26,10.3744,10.7288,67.96,24,7,7.74
334,Wadi Maliz,TN,2021-01-15 23:50:26,36.4681,8.5495,55.4,54,40,19.57
335,Ushtobe,KZ,2021-01-15 23:50:26,45.2514,77.9838,11.43,75,0,10.69
336,Ulladulla,AU,2021-01-15 23:50:26,-35.35,150.4667,68.0,28,0,11.5
337,Oriximina,BR,2021-01-15 23:50:26,-1.7656,-55.8661,81.1,67,92,0.81
338,Berlevag,NO,2021-01-15 23:50:26,70.8578,29.0864,36.34,92,100,22.64
339,Labuhan,ID,2021-01-15 23:47:17,-6.8844,112.2051,78.76,83,100,4.18
340,Amahai,ID,2021-01-15 23:50:26,-3.3333,128.9167,84.92,67,92,1.63
341,Vestmannaeyjar,IS,2021-01-15 23:47:57,63.4427,-20.2734,41.81,84,100,15.77
342,Minab,IR,2021-01-15 23:50:26,27.1467,57.0801,50.0,81,0,6.91
343,Purpe,RU,2021-01-15 23:50:26,64.4803,76.6897,2.35,94,100,12.88
344,Dubbo,AU,2021-01-15 23:50:27,-32.25,148.6167,66.2,37,0,14.97
345,Srednekolymsk,RU,2021-01-15 23:50:27,67.45,153.6833,-32.69,81,57,3.24
346,Tupik,RU,2021-01-15 23:50:27,54.4253,119.9327,-23.17,84,100,1.99
347,Glendive,US,2021-01-15 23:48:52,47.1053,-104.7125,30.2,55,1,8.05
348,Rio Gallegos,AR,2021-01-15 23:50:27,-51.6226,-69.2181,55.4,76,75,13.8
349,Volkhovskiy,RU,2021-01-15 23:50:27,58.58,31.3164,-4.61,91,91,4.43
350,Suslovo,RU,2021-01-15 23:50:27,56.2167,88.1167,-0.9,91,100,7.18
351,Cockburn Town,TC,2021-01-15 23:50:27,21.4612,-71.1419,78.21,79,65,10.27
352,Portland,US,2021-01-15 23:45:28,45.5234,-122.6762,50.0,87,90,2.39
353,Raipur,IN,2021-01-15 23:50:28,21.2333,81.6333,53.69,41,0,2.93
354,Lethem,GY,2021-01-15 23:50:28,3.3803,-59.7968,78.78,73,74,11.21
355,Rafaela,AR,2021-01-15 23:50:13,-31.2503,-61.4867,69.01,77,59,1.99
356,Koidu,SL,2021-01-15 23:50:28,8.4167,-10.8333,68.14,54,37,0.6
357,Sherbakul,RU,2021-01-15 23:50:28,54.6316,72.3963,1.4,71,0,11.18
358,La Possession,RE,2021-01-15 23:50:28,-20.9289,55.3351,78.8,78,75,4.61
359,Antalaha,MG,2021-01-15 23:50:28,-14.9003,50.2788,76.55,88,44,4.76
360,Asau,RO,2021-01-15 23:50:28,46.4333,26.4,19.4,86,75,1.14
361,Ambilobe,MG,2021-01-15 23:50:28,-13.2,49.05,74.53,93,13,1.48
362,Farah,AF,2021-01-15 23:50:28,32.5,62.5,40.57,50,69,1.48
363,Miyako,JP,2021-01-15 23:50:29,39.6367,141.9525,44.37,77,32,11.21
364,Sinjar,IQ,2021-01-15 23:50:29,36.3209,41.8754,45.97,72,35,6.15
365,Vihti,FI,2021-01-15 23:50:29,60.417,24.3197,10.0,90,100,5.01
366,Contamana,PE,2021-01-15 23:50:29,-7.3333,-75.0167,75.43,94,99,1.74
367,Tuatapere,NZ,2021-01-15 23:50:29,-46.1333,167.6833,73.0,63,65,8.99
368,Coihaique,CL,2021-01-15 23:50:21,-45.5752,-72.0662,55.4,88,90,6.91
369,Catuday,PH,2021-01-15 23:50:29,16.2923,119.8062,77.38,82,12,7.85
370,Ayan,RU,2021-01-15 23:50:29,56.45,138.1667,-14.76,78,1,3.4
371,Hof,DE,2021-01-15 23:50:29,50.3167,11.9167,24.01,92,92,4.36
372,Konstantinovka,RU,2021-01-15 23:50:29,49.6167,127.9833,-22.23,86,0,2.71
373,Luganville,VU,2021-01-15 23:50:30,-15.5333,167.1667,86.58,71,90,6.93
374,Cassino,IT,2021-01-15 23:50:30,41.4876,13.8315,42.01,66,86,1.99
375,Tarko-Sale,RU,2021-01-15 23:50:30,64.9225,77.785,0.81,93,100,13.33
376,Odienne,CI,2021-01-15 23:48:21,9.51,-7.5692,68.61,22,0,2.82
377,Luancheng,CN,2021-01-15 23:50:30,37.8792,114.6517,19.4,79,0,6.71
378,Lavrentiya,RU,2021-01-15 23:50:30,65.5833,-171.0,0.99,90,100,7.76
379,Kugulta,RU,2021-01-15 23:50:30,45.3636,42.3889,24.8,93,90,4.47
380,Salekhard,RU,2021-01-15 23:50:30,66.53,66.6019,-7.44,90,100,3.47
381,Yumen,CN,2021-01-15 23:50:30,40.2833,97.2,7.09,76,45,6.35
382,Poum,NC,2021-01-15 23:49:12,-20.2333,164.0167,82.47,77,100,6.46
383,Vilcun,CL,2021-01-15 23:47:58,-38.65,-72.2333,62.6,59,20,10.36
384,Buritis,BR,2021-01-15 23:50:30,-15.6178,-46.4233,71.33,87,99,2.44
385,Merritt Island,US,2021-01-15 23:49:12,28.5392,-80.672,69.8,72,40,8.05
386,Isla Mujeres,MX,2021-01-15 23:50:31,21.2311,-86.731,75.2,78,75,9.22
387,Noyabrsk,RU,2021-01-15 23:50:31,63.1994,75.4507,2.64,94,100,12.03
388,Lagoa,PT,2021-01-15 23:50:31,39.05,-27.9833,60.58,88,5,16.91
389,Belmonte,BR,2021-01-15 23:50:31,-15.8631,-38.8828,75.2,88,75,2.3
390,Charneca De Caparica,PT,2021-01-15 23:48:01,38.6206,-9.1915,52.0,93,0,5.75
391,The Valley,AI,2021-01-15 23:47:16,18.217,-63.0578,78.8,78,20,5.75
392,Stornoway,GB,2021-01-15 23:50:31,58.2093,-6.3865,44.6,81,75,31.07
393,Paamiut,GL,2021-01-15 23:50:31,61.994,-49.6678,24.84,96,79,17.65
394,Auki,SB,2021-01-15 23:50:32,-8.7676,160.7034,83.14,76,87,4.65
395,Ojinaga,MX,2021-01-15 23:50:32,29.5667,-104.4167,64.4,19,1,4.61
396,Hualmay,PE,2021-01-15 23:50:32,-11.0964,-77.6139,70.5,84,99,4.0
397,Galesong,ID,2021-01-15 23:50:32,-5.3166,119.3661,75.2,100,40,5.75
398,Fortuna,US,2021-01-15 23:50:32,40.5982,-124.1573,59.0,100,20,6.91
399,Saryozek,KZ,2021-01-15 23:50:32,44.3583,77.9753,27.7,71,0,19.48
400,Praia,CV,2021-01-15 23:50:32,14.9215,-23.5087,71.6,73,100,13.8
401,Komsomolskiy,UZ,2021-01-15 23:50:25,40.4272,71.7189,32.0,69,0,2.3
402,Le Port,RE,2021-01-15 23:50:32,-20.9373,55.2919,78.8,78,75,4.61
403,Georgiyevka,KZ,2021-01-15 23:50:33,43.0369,74.7114,17.6,79,0,4.47
404,Madinat Sittah Uktubar,EG,2021-01-15 23:50:33,29.8167,31.05,60.8,48,40,8.05
405,Narsaq,GL,2021-01-15 23:50:33,60.9167,-46.05,19.4,53,75,5.75
406,Urgut,UZ,2021-01-15 23:50:33,39.4022,67.2431,51.8,25,30,18.41
407,Port-Gentil,GA,2021-01-15 23:50:33,-0.7193,8.7815,78.8,94,40,3.44
408,San Lorenzo,PY,2021-01-15 23:50:33,-25.3333,-57.5333,87.8,66,40,3.44
409,Arraial Do Cabo,BR,2021-01-15 23:46:40,-22.9661,-42.0278,77.0,87,0,19.57
410,Qiyang,CN,2021-01-15 23:50:33,26.5911,111.8474,48.02,52,2,5.77
411,Samarai,PG,2021-01-15 23:50:18,-10.6167,150.6667,86.0,71,97,14.97
412,Shieli,KZ,2021-01-15 23:50:33,44.1667,66.75,32.52,86,49,9.73
413,Nemuro,JP,2021-01-15 23:50:33,43.3236,145.575,30.2,93,75,8.05
414,Husavik,IS,2021-01-15 23:50:33,66.0449,-17.3389,39.2,70,90,6.91
415,Cedar City,US,2021-01-15 23:48:08,37.6775,-113.0619,53.6,22,1,3.44
416,Ormara,PK,2021-01-15 23:50:34,25.2088,64.6357,67.33,41,0,2.93
417,Karema,TZ,2021-01-15 23:50:34,-6.8205,30.4389,71.11,82,99,1.57
418,Baj Baj,IN,2021-01-15 23:50:34,22.4747,88.1703,59.0,88,52,2.95
419,Banjar,ID,2021-01-15 23:47:17,-8.19,114.9675,77.0,94,40,4.61
420,Manta,EC,2021-01-15 23:50:34,-0.95,-80.7333,78.8,83,75,8.05
421,Moussoro,TD,2021-01-15 23:50:34,13.6408,16.4901,67.12,25,2,11.21
422,Patnagarh,IN,2021-01-15 23:50:34,20.7167,83.15,55.54,40,0,4.5
423,Coquimbo,CL,2021-01-15 23:50:34,-29.9533,-71.3436,62.6,77,40,5.75
424,Luanda,AO,2021-01-15 23:50:34,-8.8368,13.2343,77.0,83,0,3.44
425,Padang,ID,2021-01-15 23:46:12,-0.9492,100.3543,75.78,66,56,3.8
426,Morondava,MG,2021-01-15 23:50:34,-20.2833,44.2833,80.56,85,63,5.1
427,Ostrovnoy,RU,2021-01-15 23:50:08,68.0531,39.5131,14.63,95,80,3.89
428,Ilorin,NG,2021-01-15 23:50:35,8.5,4.55,77.0,38,0,5.75
429,Hami,CN,2021-01-15 23:47:31,42.8,93.45,10.8,77,0,3.58
430,Severnyy,RU,2021-01-15 23:50:35,50.677,36.5532,14.0,85,90,11.18
431,Emirdag,TR,2021-01-15 23:50:35,39.0197,31.15,28.42,94,84,3.8
432,Carnarvon,AU,2021-01-15 23:50:35,-24.8667,113.6333,80.6,100,6,10.36
433,Vila Franca Do Campo,PT,2021-01-15 23:50:35,37.7167,-25.4333,61.0,88,75,14.97
434,Kavaratti,IN,2021-01-15 23:50:35,10.5669,72.642,81.88,75,66,10.09
435,Sibolga,ID,2021-01-15 23:50:35,1.7427,98.7792,75.85,77,42,3.6
436,Camocim,BR,2021-01-15 23:47:12,-2.9022,-40.8411,78.94,82,7,11.83
437,Nelson,NZ,2021-01-15 23:50:36,-41.2833,173.2833,82.0,53,3,1.01
438,Chapais,CA,2021-01-15 23:50:36,49.7834,-74.8492,26.6,80,90,12.66
439,Ondjiva,AO,2021-01-15 23:50:36,-17.0667,15.7333,70.54,52,47,10.49
440,Los Llanos De Aridane,ES,2021-01-15 23:50:36,28.6585,-17.9182,64.4,52,90,11.5
441,Teluknaga,ID,2021-01-15 23:50:36,-6.0989,106.6381,80.01,88,20,3.44
442,Beterou,BJ,2021-01-15 23:50:36,9.1992,2.2586,71.11,21,0,3.4
443,Talcahuano,CL,2021-01-15 23:50:36,-36.7167,-73.1167,64.4,59,0,20.71
444,Tagusao,PH,2021-01-15 23:50:36,9.1924,117.8141,80.13,77,81,3.36
445,Miracema Do Tocantins,BR,2021-01-15 23:50:36,-9.5618,-48.3967,75.99,85,61,0.69
446,Corinto,GR,2021-01-15 23:50:37,37.9407,22.9573,43.0,74,100,5.39
447,Kerman,IR,2021-01-15 23:50:37,30.2832,57.0788,37.4,23,0,4.61
448,Sabya,SA,2021-01-15 23:50:37,17.1495,42.6254,77.0,83,40,4.61
449,Huarmey,PE,2021-01-15 23:50:37,-10.0681,-78.1522,71.35,81,84,4.83
450,Sayyan,YE,2021-01-15 23:50:37,15.1718,44.3244,42.3,60,0,2.53
451,Itarema,BR,2021-01-15 23:46:05,-2.9248,-39.9167,79.45,80,6,14.74
452,Saint George,US,2021-01-15 23:50:37,37.1041,-113.5841,60.8,18,1,3.44
453,Khorramabad,IR,2021-01-15 23:50:37,33.4878,48.3558,38.84,76,8,2.17
454,Funadhoo,MV,2021-01-15 23:50:37,6.15,73.2667,80.73,73,85,14.09
455,Turtas,RU,2021-01-15 23:50:37,58.9417,69.1325,10.8,96,100,5.55
456,Olinda,BR,2021-01-15 23:50:37,-8.0089,-34.8553,78.8,65,40,9.22
457,Neya,RU,2021-01-15 23:50:37,58.2972,43.8681,7.03,94,100,7.92
458,Faanui,PF,2021-01-15 23:50:37,-16.4833,-151.75,81.7,73,85,10.45
459,Iqaluit,CA,2021-01-15 23:46:10,63.7506,-68.5145,14.0,79,90,21.85
460,Iquique,CL,2021-01-15 23:50:38,-20.2208,-70.1431,71.6,56,75,9.22
461,Gerash,IR,2021-01-15 23:50:38,27.6652,54.1371,47.37,46,0,2.08
462,Mahuva,IN,2021-01-15 23:50:38,21.0914,71.7622,66.54,42,0,9.15
463,Ukiah,US,2021-01-15 23:47:14,39.1502,-123.2078,68.0,42,1,3.44
464,Alindao,CF,2021-01-15 23:50:38,5.0267,21.2088,69.66,34,77,1.21
465,College,US,2021-01-15 23:50:38,64.8569,-147.8028,17.6,62,75,5.75
466,Alyangula,AU,2021-01-15 23:50:11,-13.8483,136.4192,84.2,84,76,4.61
467,Olafsvik,IS,2021-01-15 23:50:38,64.8945,-23.7142,34.41,93,100,19.8
468,Bertoua,CM,2021-01-15 23:50:38,4.5833,13.6833,65.77,37,33,1.59
469,Aquiraz,BR,2021-01-15 23:50:38,-3.9014,-38.3911,82.4,74,40,10.36
470,Khani,GE,2021-01-15 23:50:38,41.9563,42.9566,41.0,100,90,6.91
471,Sao Jose Da Coroa Grande,BR,2021-01-15 23:50:39,-8.8978,-35.1478,77.05,79,74,8.46
472,Cayenne,GF,2021-01-15 23:50:39,4.9333,-52.3333,77.0,100,75,1.14
473,Piacabucu,BR,2021-01-15 23:50:39,-10.4056,-36.4344,77.68,79,94,10.27
474,Rovnoye,RU,2021-01-15 23:50:39,50.7765,46.0509,16.47,94,81,13.27
475,Rapid Valley,US,2021-01-15 23:47:19,44.0625,-103.1463,35.6,29,1,21.85
476,Beringovskiy,RU,2021-01-15 23:50:39,63.05,179.3167,-9.8,89,44,10.87
477,Morant Bay,JM,2021-01-15 23:50:39,17.8815,-76.4093,80.6,74,20,16.11
478,Vastseliina,EE,2021-01-15 23:50:40,57.7303,27.2932,1.4,78,100,6.71
479,Kilis,TR,2021-01-15 23:50:40,36.7161,37.115,42.8,93,75,5.75
480,Brenes,ES,2021-01-15 23:50:40,37.5494,-5.8714,44.01,93,0,1.14
481,Inongo,CD,2021-01-15 23:50:40,-1.95,18.2667,74.52,78,26,4.5
482,Sakakah,SA,2021-01-15 23:46:15,29.9697,40.2064,46.4,66,0,4.65
483,Uong Bi,VN,2021-01-15 23:45:57,21.0333,106.7833,62.6,82,20,2.3
484,Vardo,NO,2021-01-15 23:50:40,70.3705,31.1107,33.8,93,75,9.22
485,Sibiti,CG,2021-01-15 23:50:40,-3.6819,13.3499,67.42,97,79,0.78
486,Zhuhai,CN,2021-01-15 23:50:34,22.2769,113.5678,60.01,88,20,1.14
487,Tocopilla,CL,2021-01-15 23:50:40,-22.092,-70.1979,66.34,66,14,4.63
488,Taoudenni,ML,2021-01-15 23:50:40,22.6783,-3.9836,54.23,31,99,11.07
489,Bintulu,MY,2021-01-15 23:50:41,3.1667,113.0333,75.2,94,40,1.43
490,Esqueda,MX,2021-01-15 23:50:41,30.7167,-109.5833,64.72,25,0,7.16
491,Bougouni,ML,2021-01-15 23:50:41,11.417,-7.479,69.15,21,2,5.7
492,Bima,ID,2021-01-15 23:50:41,-8.4667,118.7167,79.52,78,100,2.39
493,Khandyga,RU,2021-01-15 23:46:15,62.6667,135.6,-48.23,76,55,0.69
494,Ishnya,RU,2021-01-15 23:50:41,57.1907,39.36,5.0,78,90,4.47
495,Praia Da Vitoria,PT,2021-01-15 23:50:41,38.7333,-27.0667,59.0,88,20,8.97
496,Makakilo City,US,2021-01-15 23:50:41,21.3469,-158.0858,84.2,54,20,14.97
497,Bay Roberts,CA,2021-01-15 23:50:41,47.5999,-53.2648,30.99,91,100,8.99
498,Saint-Augustin,CA,2021-01-15 23:49:15,51.226,-58.6502,22.82,94,0,7.0
499,Nueve De Julio,AR,2021-01-15 23:50:41,-35.4444,-60.8831,77.0,71,71,4.76
500,Muskegon,US,2021-01-15 23:50:41,43.3,-86.1334,34.0,93,90,4.61
501,Atambua,ID,2021-01-15 23:46:03,-9.1061,124.8925,78.37,82,97,0.6
502,Bereda,ES,2021-01-15 23:50:42,43.2686,-7.5406,35.01,100,66,3.0
503,Farmington,US,2021-01-15 23:50:42,36.7281,-108.2187,48.2,18,1,13.8
504,Bayan,CN,2021-01-15 23:50:42,46.0833,127.4,-20.2,86,0,4.76
505,Abensberg,DE,2021-01-15 23:50:42,48.8167,11.85,30.2,80,89,8.05
506,Umm Kaddadah,SD,2021-01-15 23:50:42,13.6017,26.6876,60.24,32,0,13.56
507,Manadhoo,MV,2021-01-15 23:50:42,5.7667,73.3833,80.83,69,58,10.96
508,San Jeronimo,PE,2021-01-15 23:50:42,-11.9472,-75.2829,51.69,69,97,2.84
509,Tiarei,PF,2021-01-15 23:50:42,-17.5333,-149.3333,80.6,74,75,6.91
510,Meadow Lake,US,2021-01-15 23:50:42,34.8014,-106.5436,55.4,12,20,12.66
511,Vilhena,BR,2021-01-15 23:50:43,-12.7406,-60.1458,77.0,88,40,5.75
512,Nzerekore,GN,2021-01-15 23:46:29,7.7562,-8.8179,68.13,34,52,2.84
513,Hirara,JP,2021-01-15 23:50:43,24.8,125.2833,68.0,77,40,14.97
514,Broken Hill,AU,2021-01-15 23:50:44,-31.95,141.4333,59.0,51,73,19.57
515,Arlit,NE,2021-01-15 23:50:44,18.7369,7.3853,70.36,22,26,5.41
516,Vostochnyy,RU,2021-01-15 23:50:44,55.8167,37.8667,8.6,78,0,8.95
517,Kismayo,SO,2021-01-15 23:50:44,-0.3582,42.5454,76.78,85,1,11.9
518,La Rioja,ES,2021-01-15 23:46:18,42.25,-2.5,44.6,70,0,17.27
519,Kuytun,RU,2021-01-15 23:50:44,54.3419,101.5036,3.78,93,100,11.41
520,Lazaro Cardenas,MX,2021-01-15 23:50:44,17.9583,-102.2,78.67,68,29,3.53
521,Visby,SE,2021-01-15 23:50:44,57.6409,18.296,30.2,74,90,14.97
522,Ambulu,ID,2021-01-15 23:50:44,-8.345,113.6058,78.31,83,100,2.04
523,Palivere,EE,2021-01-15 23:50:44,58.9664,23.8911,21.0,89,93,5.99
524,Robertsport,LR,2021-01-15 23:50:45,6.7533,-11.3686,80.28,81,14,9.37
525,Udachnyy,RU,2021-01-15 23:50:45,66.4167,112.4,-44.7,76,97,6.11
526,Serrinha,BR,2021-01-15 23:50:45,-11.6642,-39.0075,72.54,87,100,12.53
527,Ugoofaaru,MV,2021-01-15 23:50:45,5.6667,73.0,81.05,75,89,12.59
528,Totolapan,MX,2021-01-15 23:50:45,18.5167,-96.1833,71.6,68,75,17.27
529,Banning,US,2021-01-15 23:50:45,33.9256,-116.8764,82.0,9,0,1.99
530,Porto Novo,BJ,2021-01-15 23:50:45,6.4965,2.6036,82.4,83,40,11.5
531,Thinadhoo,MV,2021-01-15 23:50:45,0.5333,72.9333,80.82,77,75,13.24
532,Abha,SA,2021-01-15 23:50:41,18.2164,42.5053,50.0,81,0,4.61
533,Verkhnyaya Inta,RU,2021-01-15 23:50:46,65.9811,60.3094,-5.58,91,100,2.71
534,Ouallam,NE,2021-01-15 23:50:46,14.3188,2.0866,69.87,21,4,5.93
535,Zabol,AF,2021-01-15 23:50:46,32.25,67.25,36.1,62,13,4.76
536,Kadom,RU,2021-01-15 23:50:46,54.5592,42.4675,12.06,96,100,11.34
537,Kodiak,US,2021-01-15 23:48:33,57.79,-152.4072,35.6,87,90,3.44
538,Gizo,SB,2021-01-15 23:50:46,-8.103,156.8419,85.35,71,100,10.92
539,Batticaloa,LK,2021-01-15 23:50:46,7.7102,81.6924,77.11,83,86,5.08
540,Toora-Khem,RU,2021-01-15 23:50:46,52.4675,96.11,-12.8,84,100,1.5
541,Camalu,MX,2021-01-15 23:50:46,30.85,-116.0667,74.52,24,0,2.77
542,Rafraf,TN,2021-01-15 23:50:47,37.1904,10.1837,55.4,54,40,23.02
543,Faya,SA,2021-01-15 23:46:24,18.3851,42.4509,50.0,81,0,4.61
544,Nouakchott,MR,2021-01-15 23:47:30,18.0858,-15.9785,69.8,13,0,9.22
545,Sisophon,KH,2021-01-15 23:50:47,13.5859,102.9737,68.49,77,0,1.23
546,Sorong,ID,2021-01-15 23:47:08,-0.8833,131.25,83.82,73,95,5.55
547,Katherine,AU,2021-01-15 23:50:47,-14.4667,132.2667,84.2,70,100,6.91
548,Tabora,TZ,2021-01-15 23:46:07,-5.0167,32.8,61.41,98,37,4.45
549,Muli,MV,2021-01-15 23:50:47,2.9167,73.5667,81.23,68,33,10.25
550,Ishigaki,JP,2021-01-15 23:50:47,24.3448,124.1572,68.0,73,40,17.27
551,Moron,AR,2021-01-15 23:50:47,-34.6534,-58.6198,72.0,94,74,8.14
552,Khawhai,IN,2021-01-15 23:50:47,23.3667,93.1167,36.84,100,2,2.42
553,Burnie,AU,2021-01-15 23:50:47,-41.0667,145.9167,57.99,63,90,11.01
554,Annau,TM,2021-01-15 23:50:48,37.8876,58.516,41.0,60,40,4.61
555,Port Keats,AU,2021-01-15 23:50:48,-14.25,129.55,88.05,69,30,2.44
556,Laguna,US,2021-01-15 23:45:53,38.421,-121.4238,64.99,63,1,6.91
557,Felipe Carrillo Puerto,MX,2021-01-15 23:50:39,19.5833,-88.05,72.99,87,98,3.13
558,Mariana,BR,2021-01-15 23:50:48,-20.3778,-43.4161,67.15,91,40,2.84
559,Mahibadhoo,MV,2021-01-15 23:50:48,3.7833,72.9667,81.1,70,75,10.54
560,Kudahuvadhoo,MV,2021-01-15 23:48:17,2.6708,72.8944,80.92,70,23,10.89
